<?xml version="1.0" encoding="UTF-8"?>
<project xmlns="http://maven.apache.org/POM/4.0.0" xmlns:xsi="http://www.w3.org/2001/XMLSchema-instance" xsi:schemaLocation="http://maven.apache.org/POM/4.0.0 http://maven.apache.org/maven-v4_0_0.xsd">
  <modelVersion>4.0.0</modelVersion>
  <groupId>com.pluralsight</groupId>
  <artifactId>corejdbc</artifactId>
  <name>corejdbc</name>
  <version>1.0-SNAPSHOT</version>
  <description>Exercise files for the Pluralsight course, Java core libraries: JDBC by Richard Monson-Haefel</description>
  <url>https://github.com/uncommon-design/pluralsight-javacorelibraries-jdbc.git</url>
  <build>
    <finalName>corejdbc</finalName>
    <plugins>
      <plugin>
        <artifactId>maven-compiler-plugin</artifactId>
        <version>2.1</version>
        <configuration>
          <source>1.8</source>
          <target>1.8</target>
        </configuration>
      </plugin>
      <plugin>
        <artifactId>maven-shade-plugin</artifactId>
        <version>2.1</version>
        <executions>
          <execution>
            <phase>package</phase>
            <goals>
              <goal>shade</goal>
            </goals>
            <configuration>
              <transformers>
                <transformer>
                  <mainClass>Main</mainClass>
                </transformer>
              </transformers>
            </configuration>
          </execution>
        </executions>
      </plugin>
      <plugin>
        <groupId>org.skife.maven</groupId>
        <artifactId>really-executable-jar-maven-plugin</artifactId>
        <version>1.1.0</version>
        <executions>
          <execution>
            <phase>package</phase>
            <goals>
              <goal>really-executable-jar</goal>
            </goals>
          </execution>
        </executions>
        <configuration>
          <programFile>${project.artifactId}</programFile>
        </configuration>
      </plugin>
    </plugins>
  </build>
  <properties>
    <project.build.sourceEncoding>UTF-8</project.build.sourceEncoding>
  </properties>
</project>

